<?xml version="1.0" encoding="UTF-8"?>
<!DOCTYPE hibernate-configuration PUBLIC "-//Hibernate/Hibernate Configuration DTD 3.0//EN"
        "http://hibernate.sourceforge.net/hibernate-configuration-3.0.dtd">
<hibernate-configuration>
    <session-factory>
        <!--Database connection settings -->
        <property name="hibernate.connection.driver_class">com.mysql.jdbc.Driver</property>
        <property name="hibernate.connection.url">jdbc:mysql://localhost:3306/springEvents</property>
        <property name="hibernate.connection.username">root</property>
        <property name="hibernate.connection.password">delete</property>

        <!--JDBC connection pool-->
        <property name="connection.pool_size">10</property>

        <!-- SQL Dialect-->
        <property name="hibernate.dialect">org.hibernate.dialect.MySQLDialect</property>

        <!--echo all executed SQL-->
        <property name="show_sql">true</property>

        <!--drop or re-create database schema at startup-->
        <property name="hibernate.hbm2ddl.auto">update</property>

        <!--Annotated entity class-->
        <mapping class="com.spring.employeeEvents.Employee"/>
        <mapping class="com.spring.AtmMachine.model.Account"/>
        <mapping class="com.spring.AtmMachine.model.Sms"/>

    </session-factory>
</hibernate-configuration>